Workbook

Sheet Instructions
A1: PTU Sizing Worksheet Template
A2: Companion IP asset for customer discovery, pilot sizing, and reservation planning.
A4: What this workbook does
A5: Purpose | B5: Provides a structured template to collect workload telemetry, estimate baseline PTU needs, and summarize deployment + reservation planning.
A6: How to use | B6: 1) Update Controls. 2) Populate Model_Lookups with official calculator values. 3) Enter each workload on Workload_Sizing. 4) Review Summary.
A7: Important | B7: This workbook is a planning template. Replace editable lookup and price inputs with validated customer-specific values before sharing externally.
A10: Guiding principles reflected in the workbook
A11: • | B11: PTU is a throughput construct measured in tokens per minute (TPM).
A12: • | B12: Size PTU for the production baseline rather than every short-lived peak.
A13: • | B13: Use hourly PTU to validate the workload before applying reservation coverage.
A14: • | B14: PAYGO / Standard can be used as the burst or overflow layer.
A15: • | B15: Telemetry quality matters: use TPM, RPM, request shape, burstiness, and cache rate.
A18: Color convention
A19: Blue text | B19: User inputs / values to change
A20: Black text | B20: Formulas / calculations
A21: Gray text | B21: Static guidance / labels
A22: Yellow fill | B22: Controls or review cells needing confirmation

Sheet Controls
A1: Controls
A2: Editable assumptions used across the workbook. Replace review values with customer-specific validated inputs.
A4: Sizing controls
A5: Control | B5: Value | C5: Units | D5: Guidance | E5: Status
A6: Baseline load factor | B6: 0.7 | C6: % of peak RPM used for baseline sizing | D6: Use the share of peak traffic you want PTU to cover as the steady-state baseline. | E6: Review
A7: Safety buffer | B7: 0.15 | C7: % | D7: Additional headroom applied to estimated PTUs. | E7: Review
A8: Default output weight | B8: 4 | C8: input-equivalent tokens / output token | D8: Editable placeholder if no model-specific value is entered in Model_Lookups. | E8: Review
A9: Default PTU throughput | B9: 3000 | C9: input-equivalent TPM per PTU | D9: Editable placeholder if no model-specific throughput value is entered in Model_Lookups. | E9: Review
A10: Hourly PTU price | B10: 0 | C10: currency / PTU / hour | D10: Optional commercial input used only for summary estimates. | E10: Optional
A11: Monthly reservation price | B11: 0 | C11: currency / PTU / month | D11: Optional commercial input used only for summary estimates. | E11: Optional
A12: 1-year reservation monthly equivalent | B12: 0 | C12: currency / PTU / month | D12: Optional commercial input used only for summary estimates. | E12: Optional

Sheet Model_Lookups
A1: Model_Lookups
A2: Editable lookup table for model-specific sizing inputs. Replace placeholders with official values before customer use.
A4: Model | B4: Deployment Type | C4: Region / Scope | D4: Input TPM per PTU | E4: Output Weight | F4: Min PTU Qty | G4: Notes
A5: gpt-4.1 | B5: Global / DZ / Regional | C5: Editable | D5: 3000 | E5: 4 | G5: Placeholder example – replace with official calculator values.
A6: gpt-4o | B6: Global / DZ / Regional | C6: Editable | D6: 3000 | E6: 4 | G6: Placeholder example – replace with official calculator values.
A7: gpt-4o-mini | B7: Global / DZ / Regional | C7: Editable | D7: 3000 | E7: 4 | G7: Placeholder example – replace with official calculator values.
A8: o-series | B8: Global / DZ / Regional | C8: Editable | D8: 3000 | E8: 4 | G8: Placeholder example – replace with official calculator values.
A9: custom / other | B9: Editable | C9: Editable | D9: =Controls!B9 -> 3000 | E9: =Controls!B8 -> 4 | G9: Use this row for any model not yet listed.

Sheet Workload_Sizing
A1: Workload_Sizing
A2: Enter one row per workload. Blue/input cells are intended to be edited; black cells are formulas.
A4: Workload | B4: Model | C4: Deployment Type | D4: Region/Scope | E4: Avg RPM | F4: Peak RPM | G4: Avg In Tokens | H4: Avg Out Tokens | I4: Cache % | J4: Baseline RPM | K4: Output Weight | L4: Input TPM/PTU | M4: Baseline Input-Equivalent TPM | N4: PTUs (rounded) | O4: Min PTU | P4: Recommended PTU | Q4: Notes
A5: Agent Assist | B5: gpt-4.1 | C5: Data Zone | D5: US | E5: 25 | F5: 60 | G5: 1800 | H5: 650 | I5: 0.2 | J5: =IF(F5="","",F5*Controls!$B$6) -> 42 | K5: =IFERROR(_xlfn.SINGLE(_xlfn.XLOOKUP(B5, Model_Lookups!$A$5:$A$9, Model_Lookups!$E$5:$E$9, Controls!$B$8)), Controls!$B$8) -> 4 | L5: =IFERROR(_xlfn.SINGLE(_xlfn.XLOOKUP(B5, Model_Lookups!$A$5:$A$9, Model_Lookups!$D$5:$D$9, Controls!$B$9)), Controls!$B$9) -> 3000 | M5: =IF(J5="","",J5*(G5*(1-I5)+H5*K5)) -> 169680 | N5: =IF(OR(L5="",M5=""),"",ROUNDUP((M5/L5)*(1+Controls!$B$7),0)) -> 66 | O5: =IFERROR(_xlfn.SINGLE(_xlfn.XLOOKUP(B5, Model_Lookups!$A$5:$A$9, Model_Lookups!$F$5:$F$9, "")), "") -> 0 | P5: =IF(N5="","",MAX(N5,IF(O5="",0,O5))) -> 66 | Q5: Illustrative example row
A6: Document Q&A | B6: gpt-4o | C6: Global | D6: Global | E6: 15 | F6: 40 | G6: 2200 | H6: 800 | I6: 0.1 | J6: =IF(F6="","",F6*Controls!$B$6) -> 28 | K6: =IFERROR(_xlfn.SINGLE(_xlfn.XLOOKUP(B6, Model_Lookups!$A$5:$A$9, Model_Lookups!$E$5:$E$9, Controls!$B$8)), Controls!$B$8) -> 4 | L6: =IFERROR(_xlfn.SINGLE(_xlfn.XLOOKUP(B6, Model_Lookups!$A$5:$A$9, Model_Lookups!$D$5:$D$9, Controls!$B$9)), Controls!$B$9) -> 3000 | M6: =IF(J6="","",J6*(G6*(1-I6)+H6*K6)) -> 145040 | N6: =IF(OR(L6="",M6=""),"",ROUNDUP((M6/L6)*(1+Controls!$B$7),0)) -> 56 | O6: =IFERROR(_xlfn.SINGLE(_xlfn.XLOOKUP(B6, Model_Lookups!$A$5:$A$9, Model_Lookups!$F$5:$F$9, "")), "") -> 0 | P6: =IF(N6="","",MAX(N6,IF(O6="",0,O6))) -> 56 | Q6: Illustrative example row
J7: =IF(F7="","",F7*Controls!$B$6) | K7: =IFERROR(_xlfn.SINGLE(_xlfn.XLOOKUP(B7, Model_Lookups!$A$5:$A$9, Model_Lookups!$E$5:$E$9, Controls!$B$8)), Controls!$B$8) -> 4 | L7: =IFERROR(_xlfn.SINGLE(_xlfn.XLOOKUP(B7, Model_Lookups!$A$5:$A$9, Model_Lookups!$D$5:$D$9, Controls!$B$9)), Controls!$B$9) -> 3000 | M7: =IF(J7="","",J7*(G7*(1-I7)+H7*K7)) | N7: =IF(OR(L7="",M7=""),"",ROUNDUP((M7/L7)*(1+Controls!$B$7),0)) | O7: =IFERROR(_xlfn.SINGLE(_xlfn.XLOOKUP(B7, Model_Lookups!$A$5:$A$9, Model_Lookups!$F$5:$F$9, "")), "") | P7: =IF(N7="","",MAX(N7,IF(O7="",0,O7)))
J8: =IF(F8="","",F8*Controls!$B$6) | K8: =IFERROR(_xlfn.SINGLE(_xlfn.XLOOKUP(B8, Model_Lookups!$A$5:$A$9, Model_Lookups!$E$5:$E$9, Controls!$B$8)), Controls!$B$8) -> 4 | L8: =IFERROR(_xlfn.SINGLE(_xlfn.XLOOKUP(B8, Model_Lookups!$A$5:$A$9, Model_Lookups!$D$5:$D$9, Controls!$B$9)), Controls!$B$9) -> 3000 | M8: =IF(J8="","",J8*(G8*(1-I8)+H8*K8)) | N8: =IF(OR(L8="",M8=""),"",ROUNDUP((M8/L8)*(1+Controls!$B$7),0)) | O8: =IFERROR(_xlfn.SINGLE(_xlfn.XLOOKUP(B8, Model_Lookups!$A$5:$A$9, Model_Lookups!$F$5:$F$9, "")), "") | P8: =IF(N8="","",MAX(N8,IF(O8="",0,O8)))
J9: =IF(F9="","",F9*Controls!$B$6) | K9: =IFERROR(_xlfn.SINGLE(_xlfn.XLOOKUP(B9, Model_Lookups!$A$5:$A$9, Model_Lookups!$E$5:$E$9, Controls!$B$8)), Controls!$B$8) -> 4 | L9: =IFERROR(_xlfn.SINGLE(_xlfn.XLOOKUP(B9, Model_Lookups!$A$5:$A$9, Model_Lookups!$D$5:$D$9, Controls!$B$9)), Controls!$B$9) -> 3000 | M9: =IF(J9="","",J9*(G9*(1-I9)+H9*K9)) | N9: =IF(OR(L9="",M9=""),"",ROUNDUP((M9/L9)*(1+Controls!$B$7),0)) | O9: =IFERROR(_xlfn.SINGLE(_xlfn.XLOOKUP(B9, Model_Lookups!$A$5:$A$9, Model_Lookups!$F$5:$F$9, "")), "") | P9: =IF(N9="","",MAX(N9,IF(O9="",0,O9)))
J10: =IF(F10="","",F10*Controls!$B$6) | K10: =IFERROR(_xlfn.SINGLE(_xlfn.XLOOKUP(B10, Model_Lookups!$A$5:$A$9, Model_Lookups!$E$5:$E$9, Controls!$B$8)), Controls!$B$8) -> 4 | L10: =IFERROR(_xlfn.SINGLE(_xlfn.XLOOKUP(B10, Model_Lookups!$A$5:$A$9, Model_Lookups!$D$5:$D$9, Controls!$B$9)), Controls!$B$9) -> 3000 | M10: =IF(J10="","",J10*(G10*(1-I10)+H10*K10)) | N10: =IF(OR(L10="",M10=""),"",ROUNDUP((M10/L10)*(1+Controls!$B$7),0)) | O10: =IFERROR(_xlfn.SINGLE(_xlfn.XLOOKUP(B10, Model_Lookups!$A$5:$A$9, Model_Lookups!$F$5:$F$9, "")), "") | P10: =IF(N10="","",MAX(N10,IF(O10="",0,O10)))
J11: =IF(F11="","",F11*Controls!$B$6) | K11: =IFERROR(_xlfn.SINGLE(_xlfn.XLOOKUP(B11, Model_Lookups!$A$5:$A$9, Model_Lookups!$E$5:$E$9, Controls!$B$8)), Controls!$B$8) -> 4 | L11: =IFERROR(_xlfn.SINGLE(_xlfn.XLOOKUP(B11, Model_Lookups!$A$5:$A$9, Model_Lookups!$D$5:$D$9, Controls!$B$9)), Controls!$B$9) -> 3000 | M11: =IF(J11="","",J11*(G11*(1-I11)+H11*K11)) | N11: =IF(OR(L11="",M11=""),"",ROUNDUP((M11/L11)*(1+Controls!$B$7),0)) | O11: =IFERROR(_xlfn.SINGLE(_xlfn.XLOOKUP(B11, Model_Lookups!$A$5:$A$9, Model_Lookups!$F$5:$F$9, "")), "") | P11: =IF(N11="","",MAX(N11,IF(O11="",0,O11)))
J12: =IF(F12="","",F12*Controls!$B$6) | K12: =IFERROR(_xlfn.SINGLE(_xlfn.XLOOKUP(B12, Model_Lookups!$A$5:$A$9, Model_Lookups!$E$5:$E$9, Controls!$B$8)), Controls!$B$8) -> 4 | L12: =IFERROR(_xlfn.SINGLE(_xlfn.XLOOKUP(B12, Model_Lookups!$A$5:$A$9, Model_Lookups!$D$5:$D$9, Controls!$B$9)), Controls!$B$9) -> 3000 | M12: =IF(J12="","",J12*(G12*(1-I12)+H12*K12)) | N12: =IF(OR(L12="",M12=""),"",ROUNDUP((M12/L12)*(1+Controls!$B$7),0)) | O12: =IFERROR(_xlfn.SINGLE(_xlfn.XLOOKUP(B12, Model_Lookups!$A$5:$A$9, Model_Lookups!$F$5:$F$9, "")), "") | P12: =IF(N12="","",MAX(N12,IF(O12="",0,O12)))
J13: =IF(F13="","",F13*Controls!$B$6) | K13: =IFERROR(_xlfn.SINGLE(_xlfn.XLOOKUP(B13, Model_Lookups!$A$5:$A$9, Model_Lookups!$E$5:$E$9, Controls!$B$8)), Controls!$B$8) -> 4 | L13: =IFERROR(_xlfn.SINGLE(_xlfn.XLOOKUP(B13, Model_Lookups!$A$5:$A$9, Model_Lookups!$D$5:$D$9, Controls!$B$9)), Controls!$B$9) -> 3000 | M13: =IF(J13="","",J13*(G13*(1-I13)+H13*K13)) | N13: =IF(OR(L13="",M13=""),"",ROUNDUP((M13/L13)*(1+Controls!$B$7),0)) | O13: =IFERROR(_xlfn.SINGLE(_xlfn.XLOOKUP(B13, Model_Lookups!$A$5:$A$9, Model_Lookups!$F$5:$F$9, "")), "") | P13: =IF(N13="","",MAX(N13,IF(O13="",0,O13)))
J14: =IF(F14="","",F14*Controls!$B$6) | K14: =IFERROR(_xlfn.SINGLE(_xlfn.XLOOKUP(B14, Model_Lookups!$A$5:$A$9, Model_Lookups!$E$5:$E$9, Controls!$B$8)), Controls!$B$8) -> 4 | L14: =IFERROR(_xlfn.SINGLE(_xlfn.XLOOKUP(B14, Model_Lookups!$A$5:$A$9, Model_Lookups!$D$5:$D$9, Controls!$B$9)), Controls!$B$9) -> 3000 | M14: =IF(J14="","",J14*(G14*(1-I14)+H14*K14)) | N14: =IF(OR(L14="",M14=""),"",ROUNDUP((M14/L14)*(1+Controls!$B$7),0)) | O14: =IFERROR(_xlfn.SINGLE(_xlfn.XLOOKUP(B14, Model_Lookups!$A$5:$A$9, Model_Lookups!$F$5:$F$9, "")), "") | P14: =IF(N14="","",MAX(N14,IF(O14="",0,O14)))
J15: =IF(F15="","",F15*Controls!$B$6) | K15: =IFERROR(_xlfn.SINGLE(_xlfn.XLOOKUP(B15, Model_Lookups!$A$5:$A$9, Model_Lookups!$E$5:$E$9, Controls!$B$8)), Controls!$B$8) -> 4 | L15: =IFERROR(_xlfn.SINGLE(_xlfn.XLOOKUP(B15, Model_Lookups!$A$5:$A$9, Model_Lookups!$D$5:$D$9, Controls!$B$9)), Controls!$B$9) -> 3000 | M15: =IF(J15="","",J15*(G15*(1-I15)+H15*K15)) | N15: =IF(OR(L15="",M15=""),"",ROUNDUP((M15/L15)*(1+Controls!$B$7),0)) | O15: =IFERROR(_xlfn.SINGLE(_xlfn.XLOOKUP(B15, Model_Lookups!$A$5:$A$9, Model_Lookups!$F$5:$F$9, "")), "") | P15: =IF(N15="","",MAX(N15,IF(O15="",0,O15)))
J16: =IF(F16="","",F16*Controls!$B$6) | K16: =IFERROR(_xlfn.SINGLE(_xlfn.XLOOKUP(B16, Model_Lookups!$A$5:$A$9, Model_Lookups!$E$5:$E$9, Controls!$B$8)), Controls!$B$8) -> 4 | L16: =IFERROR(_xlfn.SINGLE(_xlfn.XLOOKUP(B16, Model_Lookups!$A$5:$A$9, Model_Lookups!$D$5:$D$9, Controls!$B$9)), Controls!$B$9) -> 3000 | M16: =IF(J16="","",J16*(G16*(1-I16)+H16*K16)) | N16: =IF(OR(L16="",M16=""),"",ROUNDUP((M16/L16)*(1+Controls!$B$7),0)) | O16: =IFERROR(_xlfn.SINGLE(_xlfn.XLOOKUP(B16, Model_Lookups!$A$5:$A$9, Model_Lookups!$F$5:$F$9, "")), "") | P16: =IF(N16="","",MAX(N16,IF(O16="",0,O16)))
J17: =IF(F17="","",F17*Controls!$B$6) | K17: =IFERROR(_xlfn.SINGLE(_xlfn.XLOOKUP(B17, Model_Lookups!$A$5:$A$9, Model_Lookups!$E$5:$E$9, Controls!$B$8)), Controls!$B$8) -> 4 | L17: =IFERROR(_xlfn.SINGLE(_xlfn.XLOOKUP(B17, Model_Lookups!$A$5:$A$9, Model_Lookups!$D$5:$D$9, Controls!$B$9)), Controls!$B$9) -> 3000 | M17: =IF(J17="","",J17*(G17*(1-I17)+H17*K17)) | N17: =IF(OR(L17="",M17=""),"",ROUNDUP((M17/L17)*(1+Controls!$B$7),0)) | O17: =IFERROR(_xlfn.SINGLE(_xlfn.XLOOKUP(B17, Model_Lookups!$A$5:$A$9, Model_Lookups!$F$5:$F$9, "")), "") | P17: =IF(N17="","",MAX(N17,IF(O17="",0,O17)))
J18: =IF(F18="","",F18*Controls!$B$6) | K18: =IFERROR(_xlfn.SINGLE(_xlfn.XLOOKUP(B18, Model_Lookups!$A$5:$A$9, Model_Lookups!$E$5:$E$9, Controls!$B$8)), Controls!$B$8) -> 4 | L18: =IFERROR(_xlfn.SINGLE(_xlfn.XLOOKUP(B18, Model_Lookups!$A$5:$A$9, Model_Lookups!$D$5:$D$9, Controls!$B$9)), Controls!$B$9) -> 3000 | M18: =IF(J18="","",J18*(G18*(1-I18)+H18*K18)) | N18: =IF(OR(L18="",M18=""),"",ROUNDUP((M18/L18)*(1+Controls!$B$7),0)) | O18: =IFERROR(_xlfn.SINGLE(_xlfn.XLOOKUP(B18, Model_Lookups!$A$5:$A$9, Model_Lookups!$F$5:$F$9, "")), "") | P18: =IF(N18="","",MAX(N18,IF(O18="",0,O18)))
... J24: =IF(F24="","",F24*Controls!$B$6) | K24: =IFERROR(_xlfn.SINGLE(_xlfn.XLOOKUP(B24, Model_Lookups!$A$5:$A$9, Model_Lookups!$E$5:$E$9, Controls!$B$8)), Controls!$B$8) -> 4 | L24: =IFERROR(_xlfn.SINGLE(_xlfn.XLOOKUP(B24, Model_Lookups!$A$5:$A$9, Model_Lookups!$D$5:$D$9, Controls!$B$9)), Controls!$B$9) -> 3000 | M24: =IF(J24="","",J24*(G24*(1-I24)+H24*K24)) | N24: =IF(OR(L24="",M24=""),"",ROUNDUP((M24/L24)*(1+Controls!$B$7),0)) | O24: =IFERROR(_xlfn.SINGLE(_xlfn.XLOOKUP(B24, Model_Lookups!$A$5:$A$9, Model_Lookups!$F$5:$F$9, "")), "") | P24: =IF(N24="","",MAX(N24,IF(O24="",0,O24)))

Sheet Summary
A1: Summary
A2: Pulls together total estimated PTUs and optional commercial estimates based on editable controls.
A4: Portfolio summary
A5: Metric | B5: Value | C5: Units | D5: Notes
A6: Active workloads entered | B6: =COUNTA(Workload_Sizing!A5:A24) -> 2
A7: Total recommended PTUs | B7: =SUM(Workload_Sizing!P5:P24) -> 122 | C7: PTUs
A8: Total baseline input-equivalent TPM | B8: =SUM(Workload_Sizing!M5:M24) -> 314720
A9: Estimated hourly PTU cost | B9: =IF(Controls!B10=0,"",B6*Controls!B10*24) | C9: currency | D9: Optional cost rows require commercial inputs in Controls.
A10: Estimated monthly reservation cost | B10: =IF(Controls!B11=0,"",B6*Controls!B11) | C10: currency | D10: Optional cost rows require commercial inputs in Controls.
A11: Estimated 1-year reservation monthly equivalent | B11: =IF(Controls!B12=0,"",B6*Controls!B12)
A14: Workload | B14: Recommended PTU
A15: =Workload_Sizing!A5 -> Agent Assist | B15: =Workload_Sizing!P5 -> 66
A16: =Workload_Sizing!A6 -> Document Q&A | B16: =Workload_Sizing!P6 -> 56
A17: =Workload_Sizing!A7 -> 0 | B17: =Workload_Sizing!P7
A18: =Workload_Sizing!A8 -> 0 | B18: =Workload_Sizing!P8
A19: =Workload_Sizing!A9 -> 0 | B19: =Workload_Sizing!P9
A20: =Workload_Sizing!A10 -> 0 | B20: =Workload_Sizing!P10
A21: =Workload_Sizing!A11 -> 0 | B21: =Workload_Sizing!P11
A22: =Workload_Sizing!A12 -> 0 | B22: =Workload_Sizing!P12
A23: =Workload_Sizing!A13 -> 0 | B23: =Workload_Sizing!P13
A24: =Workload_Sizing!A14 -> 0 | B24: =Workload_Sizing!P14
